01510_100.jpg,
01510_41.jpg,A guy holding a piece of metal in front of the sea
01510_51.jpg,A guy holding a metal can in a refugee camp
01510_61.jpg,A soldier holding a phone in the street
01510_64.jpg,A group of soldiers in the street
01510_92.jpg,
01510_97.jpg,Intertitle of a movie
01579_13.jpg,people sitting on a table and praying
01579_17.jpg,two women talk while sitting at the table
01579_20.jpg,a guy sitting on a couch in front of a candle 
01579_25.jpg,a guy and a woman sitting on the couch in front of a lamp
01579_27.jpg,a guy and a woman sitting on the couch in front of a lamp
01579_3.jpg,A group of people sitting at a table eating
01579_31.jpg,a guy sitting on a couch in front of a candle 
01582_1.jpg,a guy and a woman sitting in a studio talking into microphones
01597_2.jpg,a guy on a skateboard before jumping
01597_21.jpg,a guy on a skateboard jumping over a rail
01597_40.jpg,a guy looking at his tattoo
01597_41.jpg,two guys with tattoos and white shirts
01597_5.jpg,a guy with a skateboard in front of a stair
01597_57.jpg,a guy driving a skateboard
01597_6.jpg,
01597_64.jpg,a guy with a skateboard sliding on a rail
01597_69.jpg,
01608_12.jpg,someone with skis climbing a mountain
01608_30.jpg,two guys with skis on a mountain top
01608_38.jpg,landscape of mountains and snow with a guy on skis in the distant
01608_44.jpg,landscape of mountains and snow with a guy with skis in the distant
01608_53.jpg,someone walking on the snow in the mountains
01608_56.jpg,a guy climbing a mountain with skis
01608_6.jpg,title image with landscape of mountains and snow
01608_66.jpg,three guys sitting on a table in the streets drinking
01608_69.jpg,a guy in the mountains looking down with a river in the valley
01608_74.jpg,looking from a mountain on a river
01608_85.jpg,landscape of sky and mountains and clouds
01608_93.jpg,intertitle image
01619_12.jpg,
01619_17.jpg,Palm tree and sea at dawn
01619_26.jpg,woman smiling 
01621_122.jpg,
01621_13.jpg,a guy in the cluttered workshop with a metal rod
01621_29.jpg,a guy in the workshop looking into the toolbox
01621_51.jpg,
01621_62.jpg,a drilling machine in the workshop
01621_68.jpg,
01621_95.jpg,
01624_16.jpg,an ancient pillar
01624_25.jpg,an ancient egypt wall
01624_3.jpg,an ancient egypt building
01624_43.jpg,an ancient egypt wall 
01630_14.jpg,a narrow path in the forest
01630_25.jpg,an narrow path in the forest and some plants
01630_41.jpg,a narrow path in the forest
01630_47.jpg,a narrow path in the forest
01630_52.jpg,a narrow path in the forest
01630_54.jpg,
01668_14.jpg,a diver closing his dive equipment
01668_26.jpg,a diver on a boat in the sea
01668_38.jpg,
01668_4.jpg,a boat at sea
01703_28.jpg,a guy dancing in a large room
01703_47.jpg,a guy dancing in a large room with a wooden floor
01703_5.jpg,the feet of a guy dancing in a large room
01703_54.jpg,a guy dancing in a large room
01703_67.jpg,
01724_17.jpg,buildings in a mountain village
01724_24.jpg,
01724_25.jpg,bokeh
01724_27.jpg,
01727_105.jpg,a woman holding her telephone with a girl on the streets in snow
01727_11.jpg,a woman exiting the dressing room of a clothing shop
01727_117.jpg,several people in front of the building with snow
01727_142.jpg,a guy talking to a group of people in chairs 
01727_150.jpg,
01727_153.jpg,A woman sitting on the floor
01727_175.jpg,a woman showing food on a plate
01727_190.jpg,a guy standing on his head
01727_229.jpg,a group of people holding bottles of water
01727_237.jpg,a woman sitting in front of a computer
01727_247.jpg,a girl holding her head in a group of people
01727_252.jpg,a woman sitting next to the television 
01727_267.jpg,a woman standing next to two guys in front of a television
01727_272.jpg,a woman sitting on a chair 
01727_293.jpg,a guy sitting on the floor in front of a desk
01727_34.jpg,a group of people wearing winter clothes in the streets
01727_5.jpg,Woman showing clothes in a shop
01727_60.jpg,people on a market in winter clothes
01727_64.jpg,thre women on a market in winter
01727_7.jpg,
01727_93.jpg,a guy driving a car wearing sunglasses
01727_95.jpg,two women and a boy in a car wearing winter clothes
01732_22.jpg,children crafting on a table
01732_31.jpg,Children sitting at a table lifting hands
01732_33.jpg,
01732_35.jpg,A group of children standing in front of a wall
01732_6.jpg,child holding writing with a pencil
01736_2.jpg,Intertitle
01736_21.jpg,a guy wearing a baseball cap in the desert
01736_24.jpg,
01736_33.jpg,a motorcycle helmet on a table
01736_41.jpg,a guy on a motorcycle jumping over a slope
01736_55.jpg,
01736_63.jpg,
01736_68.jpg,
01736_71.jpg,
01774_1.jpg,
01774_11.jpg,
01774_15.jpg,
01774_16.jpg,
01774_19.jpg,
01774_2.jpg,
01774_22.jpg,
01774_23.jpg,
01774_25.jpg,
01774_39.jpg,
01774_55.jpg,
01784_1.jpg,
01784_15.jpg,
01784_24.jpg,
01784_5.jpg,
01785_13.jpg,
01785_15.jpg,
01785_35.jpg,
01785_7.jpg,
01785_8.jpg,
01808_24.jpg,
01808_31.jpg,
01808_40.jpg,
01808_53.jpg,
01808_81.jpg,
01808_82.jpg,
01820_1.jpg,
01820_19.jpg,
01820_25.jpg,
01820_28.jpg,
01820_41.jpg,
01820_44.jpg,
01820_46.jpg,
01820_56.jpg,
01820_59.jpg,
01820_61.jpg,
01820_67.jpg,
01820_75.jpg,
01836_10.jpg,
01836_2.jpg,
01836_23.jpg,
01836_32.jpg,
01848_15.jpg,
01848_27.jpg,
01848_28.jpg,
01848_7.jpg,
01852_15.jpg,
01852_20.jpg,
01852_26.jpg,
01852_3.jpg,
01852_54.jpg,
01852_69.jpg,
01852_83.jpg,
01855_10.jpg,
01855_17.jpg,
01858_10.jpg,
01861_14.jpg,
01861_38.jpg,
01861_44.jpg,
01861_5.jpg,
01861_57.jpg,
01861_8.jpg,
01863_115.jpg,
01863_12.jpg,
01863_120.jpg,
01863_129.jpg,
01863_167.jpg,
01863_169.jpg,
01863_176.jpg,
01863_181.jpg,
01863_31.jpg,
01863_39.jpg,
01863_42.jpg,
01863_45.jpg,
01863_53.jpg,
01863_60.jpg,
01863_82.jpg,
01863_88.jpg,
01863_92.jpg,
01863_93.jpg,
01863_96.jpg,
01863_99.jpg,
01874_19.jpg,
01874_36.jpg,
01882_102.jpg,
01882_143.jpg,
01882_147.jpg,
01882_149.jpg,
01882_150.jpg,
01882_176.jpg,
01882_184.jpg,
01882_194.jpg,
01882_21.jpg,
01882_22.jpg,
01882_28.jpg,
01882_3.jpg,
01882_31.jpg,
01882_36.jpg,
01882_43.jpg,
01882_59.jpg,
01882_66.jpg,
01882_72.jpg,
01882_84.jpg,
01882_85.jpg,
01885_5.jpg,
01885_6.jpg,
01899_23.jpg,
01899_27.jpg,
01899_32.jpg,
01899_42.jpg,
01899_71.jpg,
01899_8.jpg,
01902_11.jpg,
01902_31.jpg,
01902_39.jpg,
01902_43.jpg,
01902_46.jpg,
01902_51.jpg,
01902_53.jpg,
01902_54.jpg,
01902_64.jpg,
01902_70.jpg,
01902_76.jpg,
01902_85.jpg,
01902_96.jpg,
01902_98.jpg,
01917_0.jpg,
01917_10.jpg,
01917_12.jpg,
01917_2.jpg,
01917_25.jpg,
01944_14.jpg,
01944_27.jpg,
01944_28.jpg,
01944_29.jpg,
01944_37.jpg,
01944_39.jpg,
01944_40.jpg,
01944_41.jpg,
01944_43.jpg,
01944_45.jpg,
01944_49.jpg,
01944_59.jpg,
01944_64.jpg,
01944_69.jpg,
01960_17.jpg,
01960_18.jpg,
01960_29.jpg,
01969_0.jpg,
01976_17.jpg,
01976_28.jpg,
01976_9.jpg,
01979_0.jpg,
01979_22.jpg,
01979_54.jpg,
01979_57.jpg,
01979_63.jpg,
01979_67.jpg,
01979_8.jpg,
02032_5.jpg,
02066_13.jpg,
02066_14.jpg,
02066_29.jpg,
02066_59.jpg,
02066_64.jpg,
02066_77.jpg,
02066_9.jpg,
02086_16.jpg,
02086_19.jpg,
02086_30.jpg,
02086_5.jpg,
02102_107.jpg,
02102_111.jpg,
02102_142.jpg,
02102_143.jpg,
02102_147.jpg,
02102_148.jpg,
02102_155.jpg,
02102_187.jpg,
02102_188.jpg,
02102_189.jpg,
02102_42.jpg,
02102_45.jpg,
02102_56.jpg,
02102_59.jpg,
02102_63.jpg,
02102_93.jpg,
02124_4.jpg,
02124_50.jpg,
02124_62.jpg,
02124_65.jpg,
02130_0.jpg,
02130_2.jpg,
02130_22.jpg,
02130_26.jpg,
02130_27.jpg,
02130_3.jpg,
02130_41.jpg,
02148_1.jpg,
02148_23.jpg,
02148_34.jpg,
02148_42.jpg,
02148_43.jpg,
02148_47.jpg,
02152_6.jpg,
02164_11.jpg,
02164_25.jpg,
02164_30.jpg,
02164_32.jpg,
02164_41.jpg,
02164_46.jpg,
02164_48.jpg,
02164_9.jpg,
02174_107.jpg,
02174_115.jpg,
02174_136.jpg,
02174_140.jpg,
02174_148.jpg,
02174_151.jpg,
02174_25.jpg,
02174_26.jpg,
02174_31.jpg,
02174_32.jpg,
02174_38.jpg,
02174_46.jpg,
02174_89.jpg,
02174_9.jpg,
02174_95.jpg,
02174_96.jpg,
02174_97.jpg,
02220_7.jpg,
02221_100.jpg,
02221_105.jpg,
02221_106.jpg,
02221_109.jpg,
02221_115.jpg,
02221_122.jpg,
02221_123.jpg,
02221_127.jpg,
02221_138.jpg,
02221_141.jpg,
02221_17.jpg,
02221_20.jpg,
02221_24.jpg,
02221_31.jpg,
02221_36.jpg,
02221_48.jpg,
02221_50.jpg,
02221_67.jpg,
02221_74.jpg,
02221_75.jpg,
02221_8.jpg,
02221_98.jpg,
02224_2.jpg,
02224_3.jpg,
02224_43.jpg,
02226_105.jpg,
02226_12.jpg,
02226_37.jpg,
02226_41.jpg,
02226_8.jpg,
02226_86.jpg,
02226_90.jpg,
02226_93.jpg,
02226_98.jpg,
02268_11.jpg,
02268_12.jpg,
02268_23.jpg,
02268_29.jpg,
02268_32.jpg,
02268_42.jpg,
02268_49.jpg,
02268_52.jpg,
02274_3.jpg,
02289_101.jpg,
02289_128.jpg,
02289_13.jpg,
02289_14.jpg,
02289_144.jpg,
02289_149.jpg,
02289_30.jpg,
02289_31.jpg,
02289_32.jpg,
02289_33.jpg,
02289_44.jpg,
02289_65.jpg,
02289_72.jpg,
02289_84.jpg,
02289_97.jpg,
02297_12.jpg,
02297_15.jpg,
02297_2.jpg,
02297_21.jpg,
02297_39.jpg,
02297_56.jpg,
02297_58.jpg,
02297_69.jpg,
02297_74.jpg,
02297_76.jpg,
02320_10.jpg,
02320_15.jpg,
02320_2.jpg,
02320_39.jpg,
02325_15.jpg,
02325_26.jpg,
02325_5.jpg,
02355_102.jpg,
02355_103.jpg,
02355_117.jpg,
02355_136.jpg,
02355_17.jpg,
02355_37.jpg,
02355_42.jpg,
02355_47.jpg,
02355_61.jpg,
02355_64.jpg,
02355_72.jpg,
02355_88.jpg,
02355_94.jpg,
02355_95.jpg,
02377_20.jpg,
02377_34.jpg,
02378_1.jpg,
02381_0.jpg,
02381_101.jpg,
02381_103.jpg,
02381_20.jpg,
02381_49.jpg,
02381_50.jpg,
02381_60.jpg,
02381_70.jpg,
02381_73.jpg,
02381_77.jpg,
02381_79.jpg,
02381_86.jpg,
02381_89.jpg,
02381_94.jpg,
02381_97.jpg,
02398_102.jpg,
02398_112.jpg,
02398_116.jpg,
02398_15.jpg,
02398_31.jpg,
02398_33.jpg,
02398_37.jpg,
02398_40.jpg,
02398_50.jpg,
02398_51.jpg,
02398_65.jpg,
02398_66.jpg,
02398_90.jpg,
02398_96.jpg,
02398_98.jpg,
02402_1.jpg,
02402_10.jpg,
02402_21.jpg,
02402_29.jpg,
02402_35.jpg,
02402_36.jpg,
02402_40.jpg,
02402_41.jpg,
02402_59.jpg,
02402_6.jpg,
02402_67.jpg,
02402_68.jpg,
02402_77.jpg,
02402_8.jpg,
02412_104.jpg,
02412_108.jpg,
02412_128.jpg,
02412_130.jpg,
02412_132.jpg,
02412_137.jpg,
02412_150.jpg,
02412_32.jpg,
02412_44.jpg,
02412_45.jpg,
02412_58.jpg,
02412_66.jpg,
02412_67.jpg,
02412_80.jpg,
02416_103.jpg,
02416_107.jpg,
02416_108.jpg,
02416_114.jpg,
02416_118.jpg,
02416_123.jpg,
02416_135.jpg,
02416_151.jpg,
02416_187.jpg,
02416_188.jpg,
02416_206.jpg,
02416_231.jpg,
02416_233.jpg,
02416_236.jpg,
02416_244.jpg,
02416_247.jpg,
02416_248.jpg,
02416_249.jpg,
02416_25.jpg,
02416_262.jpg,
02416_277.jpg,
02416_281.jpg,
02416_297.jpg,
02416_300.jpg,
02416_301.jpg,
02416_305.jpg,
02416_308.jpg,
02416_32.jpg,
02416_322.jpg,
02416_38.jpg,
02416_59.jpg,
02416_6.jpg,
02416_62.jpg,
02416_80.jpg,
02416_83.jpg,
02416_87.jpg,
02416_94.jpg,
02416_95.jpg,
02422_104.jpg,
02422_105.jpg,
02422_110.jpg,
02422_149.jpg,
02422_152.jpg,
02422_158.jpg,
02422_166.jpg,
02422_169.jpg,
02422_172.jpg,
02422_181.jpg,
02422_184.jpg,
02422_196.jpg,
02422_2.jpg,
02422_22.jpg,
02422_30.jpg,
02422_31.jpg,
02422_50.jpg,
02422_63.jpg,
02422_66.jpg,
02422_69.jpg,
02423_17.jpg,
02423_21.jpg,
02423_26.jpg,
02442_0.jpg,
02442_111.jpg,
02442_134.jpg,
02442_151.jpg,
02442_170.jpg,
02442_180.jpg,
02442_181.jpg,
02442_182.jpg,
02442_185.jpg,
02442_195.jpg,
02442_201.jpg,
02442_204.jpg,
02442_212.jpg,
02442_221.jpg,
02442_225.jpg,
02442_245.jpg,
02442_262.jpg,
02442_270.jpg,
02442_297.jpg,
02442_303.jpg,
02442_318.jpg,
02442_325.jpg,
02442_39.jpg,
02442_42.jpg,
02442_5.jpg,
02442_65.jpg,
02442_73.jpg,
02442_94.jpg,
02442_97.jpg,
02443_10.jpg,
02443_15.jpg,
02443_23.jpg,
02443_3.jpg,
02443_43.jpg,
02443_55.jpg,
02443_64.jpg,
02452_109.jpg,
02452_132.jpg,
02452_19.jpg,
02452_36.jpg,
02452_43.jpg,
02452_69.jpg,
02452_76.jpg,
02452_84.jpg,
02457_4.jpg,
02461_0.jpg,
02467_0.jpg,
02467_10.jpg,
02467_100.jpg,
02467_27.jpg,
02467_29.jpg,
02467_36.jpg,
02467_47.jpg,
02467_52.jpg,
02467_54.jpg,
02467_70.jpg,
02467_71.jpg,
02467_75.jpg,
02467_88.jpg,
02467_92.jpg,
02471_14.jpg,
02471_32.jpg,
02471_34.jpg,
02471_4.jpg,
02471_45.jpg,
02471_47.jpg,
02471_54.jpg,
02473_102.jpg,
02473_103.jpg,
02473_14.jpg,
02473_18.jpg,
02473_3.jpg,
02473_33.jpg,
02473_35.jpg,
02473_46.jpg,
02473_48.jpg,
02473_53.jpg,
02473_55.jpg,
02473_67.jpg,
02473_69.jpg,
02473_81.jpg,
02473_89.jpg,
02473_93.jpg,
02477_3.jpg,
02477_4.jpg,
02478_7.jpg,
02478_8.jpg,
02498_1.jpg,
02498_15.jpg,
02498_17.jpg,
02528_14.jpg,
02528_15.jpg,
02528_18.jpg,
02528_28.jpg,
02537_11.jpg,
02537_18.jpg,
02537_49.jpg,
02537_52.jpg,
02537_55.jpg,
02537_62.jpg,
02537_66.jpg,
02537_68.jpg,
02537_70.jpg,
02558_1.jpg,
02571_127.jpg,
02571_130.jpg,
02571_145.jpg,
02571_147.jpg,
02571_149.jpg,
02571_151.jpg,
02571_153.jpg,
02571_154.jpg,
02571_16.jpg,
02571_25.jpg,
02571_30.jpg,
02571_5.jpg,
02571_50.jpg,
02571_60.jpg,
02571_68.jpg,
02571_73.jpg,
02571_74.jpg,
02571_84.jpg,
02571_88.jpg,
02571_92.jpg,
02571_93.jpg,
02571_98.jpg,
02583_0.jpg,
02583_6.jpg,
02586_14.jpg,
02586_21.jpg,
02586_28.jpg,
02586_31.jpg,
02586_43.jpg,
02586_45.jpg,
02613_103.jpg,
02613_20.jpg,
02613_38.jpg,
02613_55.jpg,
02613_72.jpg,
02613_74.jpg,
02613_75.jpg,
02613_82.jpg,
02613_9.jpg,
02613_90.jpg,
02623_19.jpg,
02623_20.jpg,
02623_3.jpg,
02623_40.jpg,
02623_7.jpg,
02627_19.jpg,
02627_23.jpg,
02630_14.jpg,
02630_25.jpg,
02630_27.jpg,
02630_30.jpg,
02630_6.jpg,
02633_4.jpg,
02648_109.jpg,
02648_21.jpg,
02648_4.jpg,
02648_63.jpg,
02648_69.jpg,
02648_73.jpg,
02650_12.jpg,
02665_14.jpg,
02665_31.jpg,
02665_55.jpg,
02665_56.jpg,
02692_18.jpg,
02692_2.jpg,
02692_23.jpg,
02692_27.jpg,
02692_43.jpg,
02692_44.jpg,
02692_9.jpg,
02694_10.jpg,
02694_109.jpg,
02694_121.jpg,
02694_30.jpg,
02694_36.jpg,
02694_56.jpg,
02694_60.jpg,
02694_67.jpg,
02694_95.jpg,
02700_16.jpg,
02700_17.jpg,
02700_28.jpg,
02700_30.jpg,
02700_6.jpg,
02700_9.jpg,
02709_10.jpg,
02709_12.jpg,
02709_15.jpg,
02709_6.jpg,
02727_11.jpg,
02727_34.jpg,
02727_35.jpg,
02727_42.jpg,
02727_44.jpg,
02727_53.jpg,
02727_55.jpg,
02727_57.jpg,
02727_59.jpg,
02727_70.jpg,
02732_19.jpg,
02733_13.jpg,
02733_15.jpg,
02733_18.jpg,
02733_19.jpg,
02738_10.jpg,
02738_17.jpg,
02738_19.jpg,
02738_22.jpg,
02738_28.jpg,
02738_43.jpg,
02738_56.jpg,
02738_62.jpg,
02738_68.jpg,
02738_81.jpg,
02738_82.jpg,
02738_85.jpg,
02738_86.jpg,
02739_17.jpg,
02739_28.jpg,
02739_30.jpg,
02741_12.jpg,
02741_22.jpg,
02741_23.jpg,
02741_26.jpg,
02741_27.jpg,
02741_52.jpg,
02741_54.jpg,
02741_70.jpg,
02741_72.jpg,
02741_77.jpg,
02741_78.jpg,
02745_100.jpg,
02745_11.jpg,
02745_113.jpg,
02745_135.jpg,
02745_150.jpg,
02745_152.jpg,
02745_177.jpg,
02745_206.jpg,
02745_207.jpg,
02745_222.jpg,
02745_239.jpg,
02745_243.jpg,
02745_251.jpg,
02745_253.jpg,
02745_269.jpg,
02745_282.jpg,
02745_33.jpg,
02745_38.jpg,
02745_6.jpg,
02745_61.jpg,
02745_80.jpg,
02745_92.jpg,
02751_10.jpg,
02751_107.jpg,
02751_120.jpg,
02751_125.jpg,
02751_136.jpg,
02751_138.jpg,
02751_145.jpg,
02751_153.jpg,
02751_173.jpg,
02751_18.jpg,
02751_3.jpg,
02751_42.jpg,
02751_84.jpg,
02751_86.jpg,
02751_89.jpg,
02751_98.jpg,
02757_22.jpg,
02757_37.jpg,
02762_106.jpg,
02762_117.jpg,
02762_126.jpg,
02762_128.jpg,
02762_134.jpg,
02762_143.jpg,
02762_147.jpg,
02762_166.jpg,
02762_47.jpg,
02762_66.jpg,
02762_78.jpg,
02762_86.jpg,
02767_15.jpg,
02769_107.jpg,
02769_110.jpg,
02769_113.jpg,
02769_119.jpg,
02769_12.jpg,
02769_130.jpg,
02769_140.jpg,
02769_149.jpg,
02769_173.jpg,
02769_178.jpg,
02769_192.jpg,
02769_195.jpg,
02769_197.jpg,
02769_198.jpg,
02769_202.jpg,
02769_203.jpg,
02769_208.jpg,
02769_233.jpg,
02769_238.jpg,
02769_242.jpg,
02769_253.jpg,
02769_26.jpg,
02769_279.jpg,
02769_283.jpg,
02769_287.jpg,
02769_291.jpg,
02769_300.jpg,
02769_301.jpg,
02769_306.jpg,
02769_325.jpg,
02769_331.jpg,
02769_339.jpg,
02769_344.jpg,
02769_348.jpg,
02769_350.jpg,
02769_360.jpg,
02769_368.jpg,
02769_390.jpg,
02769_41.jpg,
02769_413.jpg,
02769_419.jpg,
02769_43.jpg,
02769_51.jpg,
02769_61.jpg,
02769_69.jpg,
02769_71.jpg,
02769_77.jpg,
02769_78.jpg,
02769_85.jpg,
02769_87.jpg,
02769_88.jpg,
02801_1.jpg,
02801_21.jpg,
02801_37.jpg,
02801_42.jpg,
02801_45.jpg,
02801_46.jpg,
02801_49.jpg,
02801_60.jpg,
02801_64.jpg,
02801_65.jpg,
02806_13.jpg,
02811_11.jpg,
02811_12.jpg,
02811_5.jpg,
02813_32.jpg,
02840_19.jpg,
02840_37.jpg,
02840_47.jpg,
02840_58.jpg,
02840_60.jpg,
02848_1.jpg,
02848_109.jpg,
02848_112.jpg,
02848_120.jpg,
02848_126.jpg,
02848_129.jpg,
02848_22.jpg,
02848_25.jpg,
02848_53.jpg,
02848_73.jpg,
02848_79.jpg,
02848_81.jpg,
02848_98.jpg,
02849_102.jpg,
02849_111.jpg,
02849_47.jpg,
02849_52.jpg,
02849_54.jpg,
02849_72.jpg,
02849_73.jpg,
02849_87.jpg,
02855_103.jpg,
02855_13.jpg,
02855_18.jpg,
02855_37.jpg,
02855_44.jpg,
02855_45.jpg,
02855_5.jpg,
02855_51.jpg,
02855_52.jpg,
02855_6.jpg,
02855_81.jpg,
02855_84.jpg,
02855_92.jpg,
02856_5.jpg,
02877_1.jpg,
02877_122.jpg,
02877_138.jpg,
02877_144.jpg,
02877_148.jpg,
02877_149.jpg,
02877_152.jpg,
02877_16.jpg,
02877_176.jpg,
02877_185.jpg,
02877_194.jpg,
02877_199.jpg,
02877_200.jpg,
02877_205.jpg,
02877_206.jpg,
02877_207.jpg,
02877_217.jpg,
02877_237.jpg,
02877_242.jpg,
02877_244.jpg,
02877_268.jpg,
02877_274.jpg,
02877_280.jpg,
02877_283.jpg,
02877_3.jpg,
02877_33.jpg,
02877_43.jpg,
02877_47.jpg,
02877_68.jpg,
02877_72.jpg,
02877_81.jpg,
02877_82.jpg,
02877_9.jpg,
02877_94.jpg,
02879_13.jpg,
02879_2.jpg,
02879_29.jpg,
02879_30.jpg,
02881_0.jpg,
02881_26.jpg,
02881_3.jpg,
02889_29.jpg,
02889_7.jpg,
02889_9.jpg,
02896_101.jpg,
02896_102.jpg,
02896_116.jpg,
02896_119.jpg,
02896_122.jpg,
02896_123.jpg,
02896_130.jpg,
02896_149.jpg,
02896_15.jpg,
02896_168.jpg,
02896_171.jpg,
02896_182.jpg,
02896_187.jpg,
02896_189.jpg,
